run_id,timestamp,CPU Model,CPU Cores,CPU Frequency,Total RAM,GPU Model,Operating System,DRL Algorithm Used,batch_size,buffer_size,learning_rate,beta,epsilon,lambda,num_epoch,normalize,hidden_units,num_layers,gamma,max_steps,time_horizon,3DBall.Environment.CumulativeReward.mean,Time Elapsed/s
rasto-1,2025-11-18T17:57:49Z,"Intel64 Family 6 Model 170 Stepping 4, GenuineIntel",16,1400.00 MHz,31.70 GB,NVIDIA GeForce RTX 4060 Laptop GPU,Windows 10,PPO,64,12000,0.0003,0.001,0.2,0.99,3,True,128,2,0.99,500000,1000,100.000015,1083.000
rasto-1,2025-11-18T18:29:26Z,"Intel64 Family 6 Model 170 Stepping 4, GenuineIntel",16,1400.00 MHz,31.70 GB,NVIDIA GeForce RTX 4060 Laptop GPU,Windows 10,PPO,64,12000,0.0003,0.001,0.2,0.99,3,True,128,2,0.99,500000,1000,,10.000
2,2025-11-18T18:30:00Z,"Intel64 Family 6 Model 170 Stepping 4, GenuineIntel",16,1400.00 MHz,31.70 GB,NVIDIA GeForce RTX 4060 Laptop GPU,Windows 10,PPO,64,12000,0.0003,0.001,0.2,0.99,3,True,128,2,0.99,500000,1000,100.000015,1358.000
3,2025-11-18T18:54:58Z,"Intel64 Family 6 Model 170 Stepping 4, GenuineIntel",16,1400.00 MHz,31.70 GB,NVIDIA GeForce RTX 4060 Laptop GPU,Windows 10,PPO,64,12000,0.0003,0.001,0.2,0.99,3,True,128,2,0.99,500000,1000,,67.000
4,2025-11-18T18:59:18Z,"Intel64 Family 6 Model 170 Stepping 4, GenuineIntel",16,1400.00 MHz,31.70 GB,NVIDIA GeForce RTX 4060 Laptop GPU,Windows 10,PPO,64,12000,0.0003,0.001,0.2,0.99,3,True,128,2,0.99,500000,1000,100.000015,1272.000
5,2025-11-18T19:27:17Z,"Intel64 Family 6 Model 170 Stepping 4, GenuineIntel",16,1400.00 MHz,31.70 GB,NVIDIA GeForce RTX 4060 Laptop GPU,Windows 10,PPO,64,12000,0.0003,0.001,0.2,0.99,3,True,128,2,0.99,500000,1000,98.483349,1057.000
6,2025-11-18T20:02:45Z,"Intel64 Family 6 Model 170 Stepping 4, GenuineIntel",16,1400.00 MHz,31.70 GB,NVIDIA GeForce RTX 4060 Laptop GPU,Windows 10,PPO,64,12000,0.0003,0.001,0.2,0.99,3,True,128,2,0.99,500000,1000,100.000015,1166.000
7,2025-11-18T20:56:24Z,"Intel64 Family 6 Model 170 Stepping 4, GenuineIntel",16,1400.00 MHz,31.70 GB,NVIDIA GeForce RTX 4060 Laptop GPU,Windows 10,PPO,64,12000,0.0003,0.001,0.2,0.99,3,True,128,2,0.99,500000,1000,95.169245,969.000
8,2025-11-18T22:08:59Z,"Intel64 Family 6 Model 170 Stepping 4, GenuineIntel",16,1400.00 MHz,31.70 GB,NVIDIA GeForce RTX 4060 Laptop GPU,Windows 10,PPO,64,12000,0.0003,0.001,0.2,0.99,3,True,128,2,0.99,500000,1000,98.858348,806.000
9,2025-11-18T22:22:40Z,"Intel64 Family 6 Model 170 Stepping 4, GenuineIntel",16,1400.00 MHz,31.70 GB,NVIDIA GeForce RTX 4060 Laptop GPU,Windows 10,PPO,64,12000,0.0003,0.001,0.2,0.99,3,True,128,2,0.99,500000,1000,100.000015,1068.000
10,2025-11-18T22:41:03Z,"Intel64 Family 6 Model 170 Stepping 4, GenuineIntel",16,1400.00 MHz,31.70 GB,NVIDIA GeForce RTX 4060 Laptop GPU,Windows 10,PPO,64,12000,0.0003,0.001,0.2,0.99,3,True,128,2,0.99,500000,1000,100.000015,1046.000
11,2025-11-18T23:09:51Z,"Intel64 Family 6 Model 170 Stepping 4, GenuineIntel",16,1400.00 MHz,31.70 GB,NVIDIA GeForce RTX 4060 Laptop GPU,Windows 10,PPO,64,12000,0.0003,0.001,0.2,0.99,3,True,128,2,0.99,500000,1000,94.323091,814.000
12,2025-11-19T00:13:18Z,"Intel64 Family 6 Model 170 Stepping 4, GenuineIntel",16,1400.00 MHz,31.70 GB,NVIDIA GeForce RTX 4060 Laptop GPU,Windows 10,PPO,64,12000,0.0003,0.001,0.2,0.99,3,True,128,2,0.99,500000,1000,,67.000
13,2025-11-19T00:16:06Z,"Intel64 Family 6 Model 170 Stepping 4, GenuineIntel",16,1400.00 MHz,31.70 GB,NVIDIA GeForce RTX 4060 Laptop GPU,Windows 10,PPO,64,12000,0.0003,0.001,0.2,0.99,3,True,128,2,0.99,500000,1000,100.000015,942.000
14,2025-11-19T00:44:05Z,"Intel64 Family 6 Model 170 Stepping 4, GenuineIntel",16,1400.00 MHz,31.70 GB,NVIDIA GeForce RTX 4060 Laptop GPU,Windows 10,PPO,64,12000,0.0003,0.001,0.2,0.99,3,True,128,2,0.99,500000,1000,100.000015,829.000
15,2025-11-19T00:58:29Z,"Intel64 Family 6 Model 170 Stepping 4, GenuineIntel",16,1400.00 MHz,31.70 GB,NVIDIA GeForce RTX 4060 Laptop GPU,Windows 10,PPO,64,12000,0.0003,0.001,0.2,0.99,3,True,128,2,0.99,500000,1000,100.000015,870.000
16,2025-11-19T01:13:23Z,"Intel64 Family 6 Model 170 Stepping 4, GenuineIntel",16,1400.00 MHz,31.70 GB,NVIDIA GeForce RTX 4060 Laptop GPU,Windows 10,PPO,64,12000,0.0003,0.001,0.2,0.99,3,True,128,2,0.99,500000,1000,,65.000
17,2025-11-19T01:15:35Z,"Intel64 Family 6 Model 170 Stepping 4, GenuineIntel",16,1400.00 MHz,31.70 GB,NVIDIA GeForce RTX 4060 Laptop GPU,Windows 10,PPO,64,12000,0.0003,0.001,0.2,0.99,3,True,128,2,0.99,500000,1000,100.000015,1008.000
18,2025-11-19T12:56:16Z,"Intel64 Family 6 Model 170 Stepping 4, GenuineIntel",16,1400.00 MHz,31.70 GB,NVIDIA GeForce RTX 4060 Laptop GPU,Windows 10,PPO,64,12000,0.0003,0.001,0.2,0.99,3,True,128,2,0.99,500000,1000,,73.000
18,2025-11-19T12:58:23Z,"Intel64 Family 6 Model 170 Stepping 4, GenuineIntel",16,1400.00 MHz,31.70 GB,NVIDIA GeForce RTX 4060 Laptop GPU,Windows 10,PPO,64,12000,0.0003,0.001,0.2,0.99,3,True,128,2,0.99,500000,1000,100.000015,7741.000
batch_size_16_run,2025-11-30T19:35:27Z,"Intel64 Family 6 Model 170 Stepping 4, GenuineIntel",16,1400.00 MHz,31.70 GB,NVIDIA GeForce RTX 4060 Laptop GPU,Windows 10,PPO,16,20000,0.00045000000000000004,0.0009000000000000001,0.9,0.82,10,True,128,1,0.95,550000,640,0.671391,218.000
batch_size_16_run,2025-11-30T19:46:06Z,"Intel64 Family 6 Model 170 Stepping 4, GenuineIntel",16,1400.00 MHz,31.70 GB,NVIDIA GeForce RTX 4060 Laptop GPU,Windows 10,PPO,16,20000,0.00045000000000000004,0.0009000000000000001,0.9,0.82,10,True,128,1,0.95,550000,640,0.737316,128.000
batch_size_32_run,2025-11-30T19:48:25Z,"Intel64 Family 6 Model 170 Stepping 4, GenuineIntel",16,1400.00 MHz,31.70 GB,NVIDIA GeForce RTX 4060 Laptop GPU,Windows 10,PPO,32,20000,0.00045000000000000004,0.0009000000000000001,0.9,0.82,10,True,128,1,0.95,550000,640,0.415997,115.000
batch_size_48_run,2025-11-30T19:50:27Z,"Intel64 Family 6 Model 170 Stepping 4, GenuineIntel",16,1400.00 MHz,31.70 GB,NVIDIA GeForce RTX 4060 Laptop GPU,Windows 10,PPO,48,20000,0.00045000000000000004,0.0009000000000000001,0.9,0.82,10,True,128,1,0.95,550000,640,0.839535,86.000
batch_size_64_run,2025-11-30T19:52:00Z,"Intel64 Family 6 Model 170 Stepping 4, GenuineIntel",16,1400.00 MHz,31.70 GB,NVIDIA GeForce RTX 4060 Laptop GPU,Windows 10,PPO,64,20000,0.00045000000000000004,0.0009000000000000001,0.9,0.82,10,True,128,1,0.95,550000,640,0.683422,87.000
batch_size_80_run,2025-11-30T19:53:34Z,"Intel64 Family 6 Model 170 Stepping 4, GenuineIntel",16,1400.00 MHz,31.70 GB,NVIDIA GeForce RTX 4060 Laptop GPU,Windows 10,PPO,80,20000,0.00045000000000000004,0.0009000000000000001,0.9,0.82,10,True,128,1,0.95,550000,640,0.792061,71.000
batch_size_96_run,2025-11-30T19:54:54Z,"Intel64 Family 6 Model 170 Stepping 4, GenuineIntel",16,1400.00 MHz,31.70 GB,NVIDIA GeForce RTX 4060 Laptop GPU,Windows 10,PPO,96,20000,0.00045000000000000004,0.0009000000000000001,0.9,0.82,10,True,128,1,0.95,550000,640,0.745572,79.000
batch_size_112_run,2025-11-30T19:56:19Z,"Intel64 Family 6 Model 170 Stepping 4, GenuineIntel",16,1400.00 MHz,31.70 GB,NVIDIA GeForce RTX 4060 Laptop GPU,Windows 10,PPO,112,20000,0.00045000000000000004,0.0009000000000000001,0.9,0.82,10,True,128,1,0.95,550000,640,0.736180,63.000
batch_size_128_run,2025-11-30T19:57:28Z,"Intel64 Family 6 Model 170 Stepping 4, GenuineIntel",16,1400.00 MHz,31.70 GB,NVIDIA GeForce RTX 4060 Laptop GPU,Windows 10,PPO,128,20000,0.00045000000000000004,0.0009000000000000001,0.9,0.82,10,True,128,1,0.95,550000,640,0.576111,62.000
batch_size_144_run,2025-11-30T19:58:37Z,"Intel64 Family 6 Model 170 Stepping 4, GenuineIntel",16,1400.00 MHz,31.70 GB,NVIDIA GeForce RTX 4060 Laptop GPU,Windows 10,PPO,144,20000,0.00045000000000000004,0.0009000000000000001,0.9,0.82,10,True,128,1,0.95,550000,640,0.681300,169.000
batch_size_160_run,2025-11-30T20:01:34Z,"Intel64 Family 6 Model 170 Stepping 4, GenuineIntel",16,1400.00 MHz,31.70 GB,NVIDIA GeForce RTX 4060 Laptop GPU,Windows 10,PPO,160,20000,0.00045000000000000004,0.0009000000000000001,0.9,0.82,10,True,128,1,0.95,550000,640,0.760967,77.000
buffer_size_2000_run,2025-11-30T20:02:59Z,"Intel64 Family 6 Model 170 Stepping 4, GenuineIntel",16,1400.00 MHz,31.70 GB,NVIDIA GeForce RTX 4060 Laptop GPU,Windows 10,PPO,32,2000,0.00045000000000000004,0.0009000000000000001,0.9,0.82,10,True,128,1,0.95,550000,640,100.000011,110.000
buffer_size_4000_run,2025-11-30T20:04:56Z,"Intel64 Family 6 Model 170 Stepping 4, GenuineIntel",16,1400.00 MHz,31.70 GB,NVIDIA GeForce RTX 4060 Laptop GPU,Windows 10,PPO,32,4000,0.00045000000000000004,0.0009000000000000001,0.9,0.82,10,True,128,1,0.95,550000,640,2.550128,110.000
buffer_size_6000_run,2025-11-30T20:06:54Z,"Intel64 Family 6 Model 170 Stepping 4, GenuineIntel",16,1400.00 MHz,31.70 GB,NVIDIA GeForce RTX 4060 Laptop GPU,Windows 10,PPO,32,6000,0.00045000000000000004,0.0009000000000000001,0.9,0.82,10,True,128,1,0.95,550000,640,1.213426,191.000
buffer_size_8000_run,2025-11-30T20:10:28Z,"Intel64 Family 6 Model 170 Stepping 4, GenuineIntel",16,1400.00 MHz,31.70 GB,NVIDIA GeForce RTX 4060 Laptop GPU,Windows 10,PPO,32,8000,0.00045000000000000004,0.0009000000000000001,0.9,0.82,10,True,128,1,0.95,550000,640,1.427560,280.000
buffer_size_10000_run,2025-11-30T20:15:24Z,"Intel64 Family 6 Model 170 Stepping 4, GenuineIntel",16,1400.00 MHz,31.70 GB,NVIDIA GeForce RTX 4060 Laptop GPU,Windows 10,PPO,32,10000,0.00045000000000000004,0.0009000000000000001,0.9,0.82,10,True,128,1,0.95,550000,640,0.608889,277.000
buffer_size_12000_run,2025-11-30T20:20:15Z,"Intel64 Family 6 Model 170 Stepping 4, GenuineIntel",16,1400.00 MHz,31.70 GB,NVIDIA GeForce RTX 4060 Laptop GPU,Windows 10,PPO,32,12000,0.00045000000000000004,0.0009000000000000001,0.9,0.82,10,True,128,1,0.95,550000,640,0.532327,467.000
buffer_size_14000_run,2025-11-30T20:28:19Z,"Intel64 Family 6 Model 170 Stepping 4, GenuineIntel",16,1400.00 MHz,31.70 GB,NVIDIA GeForce RTX 4060 Laptop GPU,Windows 10,PPO,32,14000,0.00045000000000000004,0.0009000000000000001,0.9,0.82,10,True,128,1,0.95,550000,640,0.419377,354.000
buffer_size_16000_run,2025-11-30T20:34:34Z,"Intel64 Family 6 Model 170 Stepping 4, GenuineIntel",16,1400.00 MHz,31.70 GB,NVIDIA GeForce RTX 4060 Laptop GPU,Windows 10,PPO,32,16000,0.00045000000000000004,0.0009000000000000001,0.9,0.82,10,True,128,1,0.95,550000,640,0.671568,320.000
buffer_size_18000_run,2025-11-30T20:40:11Z,"Intel64 Family 6 Model 170 Stepping 4, GenuineIntel",16,1400.00 MHz,31.70 GB,NVIDIA GeForce RTX 4060 Laptop GPU,Windows 10,PPO,32,18000,0.00045000000000000004,0.0009000000000000001,0.9,0.82,10,True,128,1,0.95,550000,640,0.778028,298.000
buffer_size_20000_run,2025-11-30T20:45:17Z,"Intel64 Family 6 Model 170 Stepping 4, GenuineIntel",16,1400.00 MHz,31.70 GB,NVIDIA GeForce RTX 4060 Laptop GPU,Windows 10,PPO,32,20000,0.00045000000000000004,0.0009000000000000001,0.9,0.82,10,True,128,1,0.95,550000,640,0.680944,201.000
num_epoch_1_run,2025-11-30T20:48:54Z,"Intel64 Family 6 Model 170 Stepping 4, GenuineIntel",16,1400.00 MHz,31.70 GB,NVIDIA GeForce RTX 4060 Laptop GPU,Windows 10,PPO,32,20000,0.00045000000000000004,0.0009000000000000001,0.9,0.82,1,True,128,1,0.95,550000,640,0.731199,108.000
num_epoch_2_run,2025-11-30T20:50:50Z,"Intel64 Family 6 Model 170 Stepping 4, GenuineIntel",16,1400.00 MHz,31.70 GB,NVIDIA GeForce RTX 4060 Laptop GPU,Windows 10,PPO,32,20000,0.00045000000000000004,0.0009000000000000001,0.9,0.82,2,True,128,1,0.95,550000,640,0.831981,88.000
num_epoch_3_run,2025-11-30T20:52:28Z,"Intel64 Family 6 Model 170 Stepping 4, GenuineIntel",16,1400.00 MHz,31.70 GB,NVIDIA GeForce RTX 4060 Laptop GPU,Windows 10,PPO,32,20000,0.00045000000000000004,0.0009000000000000001,0.9,0.82,3,True,128,1,0.95,550000,640,0.691137,97.000
num_epoch_4_run,2025-11-30T20:54:14Z,"Intel64 Family 6 Model 170 Stepping 4, GenuineIntel",16,1400.00 MHz,31.70 GB,NVIDIA GeForce RTX 4060 Laptop GPU,Windows 10,PPO,32,20000,0.00045000000000000004,0.0009000000000000001,0.9,0.82,4,True,128,1,0.95,550000,640,0.378640,114.000
num_epoch_5_run,2025-11-30T20:56:15Z,"Intel64 Family 6 Model 170 Stepping 4, GenuineIntel",16,1400.00 MHz,31.70 GB,NVIDIA GeForce RTX 4060 Laptop GPU,Windows 10,PPO,32,20000,0.00045000000000000004,0.0009000000000000001,0.9,0.82,5,True,128,1,0.95,550000,640,0.639217,125.000
num_epoch_6_run,2025-11-30T20:58:28Z,"Intel64 Family 6 Model 170 Stepping 4, GenuineIntel",16,1400.00 MHz,31.70 GB,NVIDIA GeForce RTX 4060 Laptop GPU,Windows 10,PPO,32,20000,0.00045000000000000004,0.0009000000000000001,0.9,0.82,6,True,128,1,0.95,550000,640,0.891633,177.000
num_epoch_7_run,2025-11-30T21:01:41Z,"Intel64 Family 6 Model 170 Stepping 4, GenuineIntel",16,1400.00 MHz,31.70 GB,NVIDIA GeForce RTX 4060 Laptop GPU,Windows 10,PPO,32,20000,0.00045000000000000004,0.0009000000000000001,0.9,0.82,7,True,128,1,0.95,550000,640,0.789603,194.000
num_epoch_8_run,2025-11-30T21:05:11Z,"Intel64 Family 6 Model 170 Stepping 4, GenuineIntel",16,1400.00 MHz,31.70 GB,NVIDIA GeForce RTX 4060 Laptop GPU,Windows 10,PPO,32,20000,0.00045000000000000004,0.0009000000000000001,0.9,0.82,8,True,128,1,0.95,550000,640,0.726210,210.000
num_epoch_9_run,2025-11-30T21:08:56Z,"Intel64 Family 6 Model 170 Stepping 4, GenuineIntel",16,1400.00 MHz,31.70 GB,NVIDIA GeForce RTX 4060 Laptop GPU,Windows 10,PPO,32,20000,0.00045000000000000004,0.0009000000000000001,0.9,0.82,9,True,128,1,0.95,550000,640,0.957143,238.000
num_epoch_10_run,2025-11-30T21:13:09Z,"Intel64 Family 6 Model 170 Stepping 4, GenuineIntel",16,1400.00 MHz,31.70 GB,NVIDIA GeForce RTX 4060 Laptop GPU,Windows 10,PPO,32,20000,0.00045000000000000004,0.0009000000000000001,0.9,0.82,10,True,128,1,0.95,550000,640,0.656014,244.000
max_steps_100000_run,2025-11-30T21:17:30Z,"Intel64 Family 6 Model 170 Stepping 4, GenuineIntel",16,1400.00 MHz,31.70 GB,NVIDIA GeForce RTX 4060 Laptop GPU,Windows 10,PPO,32,20000,0.00045000000000000004,0.0009000000000000001,0.9,0.82,10,True,128,1,0.95,100000,640,1.230070,237.000
max_steps_150000_run,2025-11-30T21:21:43Z,"Intel64 Family 6 Model 170 Stepping 4, GenuineIntel",16,1400.00 MHz,31.70 GB,NVIDIA GeForce RTX 4060 Laptop GPU,Windows 10,PPO,32,20000,0.00045000000000000004,0.0009000000000000001,0.9,0.82,10,True,128,1,0.95,150000,640,0.759015,246.000
max_steps_200000_run,2025-11-30T21:26:04Z,"Intel64 Family 6 Model 170 Stepping 4, GenuineIntel",16,1400.00 MHz,31.70 GB,NVIDIA GeForce RTX 4060 Laptop GPU,Windows 10,PPO,32,20000,0.00045000000000000004,0.0009000000000000001,0.9,0.82,10,True,128,1,0.95,200000,640,0.683155,131.000
max_steps_250000_run,2025-11-30T21:28:28Z,"Intel64 Family 6 Model 170 Stepping 4, GenuineIntel",16,1400.00 MHz,31.70 GB,NVIDIA GeForce RTX 4060 Laptop GPU,Windows 10,PPO,32,20000,0.00045000000000000004,0.0009000000000000001,0.9,0.82,10,True,128,1,0.95,250000,640,0.756360,238.000
max_steps_300000_run,2025-11-30T21:32:44Z,"Intel64 Family 6 Model 170 Stepping 4, GenuineIntel",16,1400.00 MHz,31.70 GB,NVIDIA GeForce RTX 4060 Laptop GPU,Windows 10,PPO,32,20000,0.00045000000000000004,0.0009000000000000001,0.9,0.82,10,True,128,1,0.95,300000,640,0.999056,255.000
max_steps_350000_run,2025-11-30T21:37:15Z,"Intel64 Family 6 Model 170 Stepping 4, GenuineIntel",16,1400.00 MHz,31.70 GB,NVIDIA GeForce RTX 4060 Laptop GPU,Windows 10,PPO,32,20000,0.00045000000000000004,0.0009000000000000001,0.9,0.82,10,True,128,1,0.95,350000,640,0.792337,246.000
max_steps_400000_run,2025-11-30T21:41:39Z,"Intel64 Family 6 Model 170 Stepping 4, GenuineIntel",16,1400.00 MHz,31.70 GB,NVIDIA GeForce RTX 4060 Laptop GPU,Windows 10,PPO,32,20000,0.00045000000000000004,0.0009000000000000001,0.9,0.82,10,True,128,1,0.95,400000,640,0.571906,251.000
max_steps_450000_run,2025-11-30T21:46:05Z,"Intel64 Family 6 Model 170 Stepping 4, GenuineIntel",16,1400.00 MHz,31.70 GB,NVIDIA GeForce RTX 4060 Laptop GPU,Windows 10,PPO,32,20000,0.00045000000000000004,0.0009000000000000001,0.9,0.82,10,True,128,1,0.95,450000,640,0.697484,219.000
max_steps_500000_run,2025-11-30T21:49:58Z,"Intel64 Family 6 Model 170 Stepping 4, GenuineIntel",16,1400.00 MHz,31.70 GB,NVIDIA GeForce RTX 4060 Laptop GPU,Windows 10,PPO,32,20000,0.00045000000000000004,0.0009000000000000001,0.9,0.82,10,True,128,1,0.95,500000,640,0.691145,249.000
max_steps_550000_run,2025-11-30T21:54:22Z,"Intel64 Family 6 Model 170 Stepping 4, GenuineIntel",16,1400.00 MHz,31.70 GB,NVIDIA GeForce RTX 4060 Laptop GPU,Windows 10,PPO,32,20000,0.00045000000000000004,0.0009000000000000001,0.9,0.82,10,True,128,1,0.95,550000,640,0.877250,251.000
hidden_units_64_run,2025-11-30T21:58:48Z,"Intel64 Family 6 Model 170 Stepping 4, GenuineIntel",16,1400.00 MHz,31.70 GB,NVIDIA GeForce RTX 4060 Laptop GPU,Windows 10,PPO,32,20000,0.00045000000000000004,0.0009000000000000001,0.9,0.82,10,True,128,1,0.95,550000,640,0.809733,258.000
hidden_units_128_run,2025-11-30T22:03:23Z,"Intel64 Family 6 Model 170 Stepping 4, GenuineIntel",16,1400.00 MHz,31.70 GB,NVIDIA GeForce RTX 4060 Laptop GPU,Windows 10,PPO,32,20000,0.00045000000000000004,0.0009000000000000001,0.9,0.82,10,True,128,1,0.95,550000,640,0.800000,247.000
hidden_units_192_run,2025-11-30T22:07:47Z,"Intel64 Family 6 Model 170 Stepping 4, GenuineIntel",16,1400.00 MHz,31.70 GB,NVIDIA GeForce RTX 4060 Laptop GPU,Windows 10,PPO,32,20000,0.00045000000000000004,0.0009000000000000001,0.9,0.82,10,True,128,1,0.95,550000,640,0.411649,266.000
hidden_units_256_run,2025-11-30T22:12:30Z,"Intel64 Family 6 Model 170 Stepping 4, GenuineIntel",16,1400.00 MHz,31.70 GB,NVIDIA GeForce RTX 4060 Laptop GPU,Windows 10,PPO,32,20000,0.00045000000000000004,0.0009000000000000001,0.9,0.82,10,True,128,1,0.95,550000,640,0.941879,143.000
hidden_units_320_run,2025-11-30T22:15:06Z,"Intel64 Family 6 Model 170 Stepping 4, GenuineIntel",16,1400.00 MHz,31.70 GB,NVIDIA GeForce RTX 4060 Laptop GPU,Windows 10,PPO,32,20000,0.00045000000000000004,0.0009000000000000001,0.9,0.82,10,True,128,1,0.95,550000,640,1.116943,191.000
hidden_units_384_run,2025-11-30T22:18:29Z,"Intel64 Family 6 Model 170 Stepping 4, GenuineIntel",16,1400.00 MHz,31.70 GB,NVIDIA GeForce RTX 4060 Laptop GPU,Windows 10,PPO,32,20000,0.00045000000000000004,0.0009000000000000001,0.9,0.82,10,True,128,1,0.95,550000,640,0.669823,195.000
hidden_units_448_run,2025-11-30T22:21:57Z,"Intel64 Family 6 Model 170 Stepping 4, GenuineIntel",16,1400.00 MHz,31.70 GB,NVIDIA GeForce RTX 4060 Laptop GPU,Windows 10,PPO,32,20000,0.00045000000000000004,0.0009000000000000001,0.9,0.82,10,True,128,1,0.95,550000,640,1.167044,239.000
hidden_units_512_run,2025-11-30T22:26:11Z,"Intel64 Family 6 Model 170 Stepping 4, GenuineIntel",16,1400.00 MHz,31.70 GB,NVIDIA GeForce RTX 4060 Laptop GPU,Windows 10,PPO,32,20000,0.00045000000000000004,0.0009000000000000001,0.9,0.82,10,True,128,1,0.95,550000,640,0.367278,243.000
hidden_units_576_run,2025-11-30T22:30:33Z,"Intel64 Family 6 Model 170 Stepping 4, GenuineIntel",16,1400.00 MHz,31.70 GB,NVIDIA GeForce RTX 4060 Laptop GPU,Windows 10,PPO,32,20000,0.00045000000000000004,0.0009000000000000001,0.9,0.82,10,True,128,1,0.95,550000,640,0.727489,232.000
hidden_units_640_run,2025-11-30T22:34:37Z,"Intel64 Family 6 Model 170 Stepping 4, GenuineIntel",16,1400.00 MHz,31.70 GB,NVIDIA GeForce RTX 4060 Laptop GPU,Windows 10,PPO,32,20000,0.00045000000000000004,0.0009000000000000001,0.9,0.82,10,True,128,1,0.95,550000,640,0.699101,203.000
num_layers_1_run,2025-11-30T22:38:18Z,"Intel64 Family 6 Model 170 Stepping 4, GenuineIntel",16,1400.00 MHz,31.70 GB,NVIDIA GeForce RTX 4060 Laptop GPU,Windows 10,PPO,32,20000,0.00045000000000000004,0.0009000000000000001,0.9,0.82,10,True,128,1,0.95,550000,640,0.740570,251.000
num_layers_2_run,2025-11-30T22:42:45Z,"Intel64 Family 6 Model 170 Stepping 4, GenuineIntel",16,1400.00 MHz,31.70 GB,NVIDIA GeForce RTX 4060 Laptop GPU,Windows 10,PPO,32,20000,0.00045000000000000004,0.0009000000000000001,0.9,0.82,10,True,128,1,0.95,550000,640,0.439338,245.000
num_layers_3_run,2025-11-30T22:47:02Z,"Intel64 Family 6 Model 170 Stepping 4, GenuineIntel",16,1400.00 MHz,31.70 GB,NVIDIA GeForce RTX 4060 Laptop GPU,Windows 10,PPO,32,20000,0.00045000000000000004,0.0009000000000000001,0.9,0.82,10,True,128,1,0.95,550000,640,0.740294,220.000
batch_size_16_run0,2025-11-30T22:51:04Z,"Intel64 Family 6 Model 170 Stepping 4, GenuineIntel",16,1400.00 MHz,31.70 GB,NVIDIA GeForce RTX 4060 Laptop GPU,Windows 10,PPO,16,20000,0.00045000000000000004,0.0009000000000000001,0.9,0.82,10,True,128,1,0.95,550000,640,0.955910,311.000
batch_size_16_run1,2025-11-30T22:56:27Z,"Intel64 Family 6 Model 170 Stepping 4, GenuineIntel",16,1400.00 MHz,31.70 GB,NVIDIA GeForce RTX 4060 Laptop GPU,Windows 10,PPO,16,20000,0.00045000000000000004,0.0009000000000000001,0.9,0.82,10,True,128,1,0.95,550000,640,0.829315,154.000
batch_size_16_run2,2025-11-30T22:59:07Z,"Intel64 Family 6 Model 170 Stepping 4, GenuineIntel",16,1400.00 MHz,31.70 GB,NVIDIA GeForce RTX 4060 Laptop GPU,Windows 10,PPO,16,20000,0.00045000000000000004,0.0009000000000000001,0.9,0.82,10,True,128,1,0.95,550000,640,0.805238,126.000
batch_size_16_run3,2025-11-30T23:01:19Z,"Intel64 Family 6 Model 170 Stepping 4, GenuineIntel",16,1400.00 MHz,31.70 GB,NVIDIA GeForce RTX 4060 Laptop GPU,Windows 10,PPO,16,20000,0.00045000000000000004,0.0009000000000000001,0.9,0.82,10,True,128,1,0.95,550000,640,0.586436,129.000
batch_size_16_run4,2025-11-30T23:03:35Z,"Intel64 Family 6 Model 170 Stepping 4, GenuineIntel",16,1400.00 MHz,31.70 GB,NVIDIA GeForce RTX 4060 Laptop GPU,Windows 10,PPO,16,20000,0.00045000000000000004,0.0009000000000000001,0.9,0.82,10,True,128,1,0.95,550000,640,0.967149,135.000
batch_size_32_run0,2025-11-30T23:05:56Z,"Intel64 Family 6 Model 170 Stepping 4, GenuineIntel",16,1400.00 MHz,31.70 GB,NVIDIA GeForce RTX 4060 Laptop GPU,Windows 10,PPO,32,20000,0.00045000000000000004,0.0009000000000000001,0.9,0.82,10,True,128,1,0.95,550000,640,0.419818,469.000
batch_size_32_run1,2025-11-30T23:14:01Z,"Intel64 Family 6 Model 170 Stepping 4, GenuineIntel",16,1400.00 MHz,31.70 GB,NVIDIA GeForce RTX 4060 Laptop GPU,Windows 10,PPO,32,20000,0.00045000000000000004,0.0009000000000000001,0.9,0.82,10,True,128,1,0.95,550000,640,0.499440,142.000
batch_size_32_run2,2025-11-30T23:16:36Z,"Intel64 Family 6 Model 170 Stepping 4, GenuineIntel",16,1400.00 MHz,31.70 GB,NVIDIA GeForce RTX 4060 Laptop GPU,Windows 10,PPO,32,20000,0.00045000000000000004,0.0009000000000000001,0.9,0.82,10,True,128,1,0.95,550000,640,0.604604,255.000
batch_size_32_run3,2025-11-30T23:21:04Z,"Intel64 Family 6 Model 170 Stepping 4, GenuineIntel",16,1400.00 MHz,31.70 GB,NVIDIA GeForce RTX 4060 Laptop GPU,Windows 10,PPO,32,20000,0.00045000000000000004,0.0009000000000000001,0.9,0.82,10,True,128,1,0.95,550000,640,0.710960,335.000
batch_size_32_run4,2025-11-30T23:26:53Z,"Intel64 Family 6 Model 170 Stepping 4, GenuineIntel",16,1400.00 MHz,31.70 GB,NVIDIA GeForce RTX 4060 Laptop GPU,Windows 10,PPO,32,20000,0.00045000000000000004,0.0009000000000000001,0.9,0.82,10,True,128,1,0.95,550000,640,0.552023,339.000
batch_size_48_run0,2025-11-30T23:32:44Z,"Intel64 Family 6 Model 170 Stepping 4, GenuineIntel",16,1400.00 MHz,31.70 GB,NVIDIA GeForce RTX 4060 Laptop GPU,Windows 10,PPO,48,20000,0.00045000000000000004,0.0009000000000000001,0.9,0.82,10,True,128,1,0.95,550000,640,0.760093,261.000
batch_size_48_run1,2025-11-30T23:37:18Z,"Intel64 Family 6 Model 170 Stepping 4, GenuineIntel",16,1400.00 MHz,31.70 GB,NVIDIA GeForce RTX 4060 Laptop GPU,Windows 10,PPO,48,20000,0.00045000000000000004,0.0009000000000000001,0.9,0.82,10,True,128,1,0.95,550000,640,0.950564,217.000
batch_size_48_run2,2025-11-30T23:41:07Z,"Intel64 Family 6 Model 170 Stepping 4, GenuineIntel",16,1400.00 MHz,31.70 GB,NVIDIA GeForce RTX 4060 Laptop GPU,Windows 10,PPO,48,20000,0.00045000000000000004,0.0009000000000000001,0.9,0.82,10,True,128,1,0.95,550000,640,0.787075,224.000
batch_size_48_run3,2025-11-30T23:45:05Z,"Intel64 Family 6 Model 170 Stepping 4, GenuineIntel",16,1400.00 MHz,31.70 GB,NVIDIA GeForce RTX 4060 Laptop GPU,Windows 10,PPO,48,20000,0.00045000000000000004,0.0009000000000000001,0.9,0.82,10,True,128,1,0.95,550000,640,0.695601,230.000
batch_size_48_run4,2025-11-30T23:49:13Z,"Intel64 Family 6 Model 170 Stepping 4, GenuineIntel",16,1400.00 MHz,31.70 GB,NVIDIA GeForce RTX 4060 Laptop GPU,Windows 10,PPO,48,20000,0.00045000000000000004,0.0009000000000000001,0.9,0.82,10,True,128,1,0.95,550000,640,0.852488,332.000
batch_size_64_run0,2025-11-30T23:55:05Z,"Intel64 Family 6 Model 170 Stepping 4, GenuineIntel",16,1400.00 MHz,31.70 GB,NVIDIA GeForce RTX 4060 Laptop GPU,Windows 10,PPO,64,20000,0.00045000000000000004,0.0009000000000000001,0.9,0.82,10,True,128,1,0.95,550000,640,0.566445,233.000
batch_size_64_run1,2025-11-30T23:59:10Z,"Intel64 Family 6 Model 170 Stepping 4, GenuineIntel",16,1400.00 MHz,31.70 GB,NVIDIA GeForce RTX 4060 Laptop GPU,Windows 10,PPO,64,20000,0.00045000000000000004,0.0009000000000000001,0.9,0.82,10,True,128,1,0.95,550000,640,0.734006,289.000
batch_size_64_run2,2025-12-01T00:04:14Z,"Intel64 Family 6 Model 170 Stepping 4, GenuineIntel",16,1400.00 MHz,31.70 GB,NVIDIA GeForce RTX 4060 Laptop GPU,Windows 10,PPO,64,20000,0.00045000000000000004,0.0009000000000000001,0.9,0.82,10,True,128,1,0.95,550000,640,0.525833,291.000
batch_size_64_run3,2025-12-01T00:09:20Z,"Intel64 Family 6 Model 170 Stepping 4, GenuineIntel",16,1400.00 MHz,31.70 GB,NVIDIA GeForce RTX 4060 Laptop GPU,Windows 10,PPO,64,20000,0.00045000000000000004,0.0009000000000000001,0.9,0.82,10,True,128,1,0.95,550000,640,0.422603,171.000
batch_size_64_run4,2025-12-01T00:12:35Z,"Intel64 Family 6 Model 170 Stepping 4, GenuineIntel",16,1400.00 MHz,31.70 GB,NVIDIA GeForce RTX 4060 Laptop GPU,Windows 10,PPO,64,20000,0.00045000000000000004,0.0009000000000000001,0.9,0.82,10,True,128,1,0.95,550000,640,0.773221,257.000
batch_size_80_run0,2025-12-01T00:17:08Z,"Intel64 Family 6 Model 170 Stepping 4, GenuineIntel",16,1400.00 MHz,31.70 GB,NVIDIA GeForce RTX 4060 Laptop GPU,Windows 10,PPO,80,20000,0.00045000000000000004,0.0009000000000000001,0.9,0.82,10,True,128,1,0.95,550000,640,0.738638,211.000
batch_size_80_run1,2025-12-01T00:20:55Z,"Intel64 Family 6 Model 170 Stepping 4, GenuineIntel",16,1400.00 MHz,31.70 GB,NVIDIA GeForce RTX 4060 Laptop GPU,Windows 10,PPO,80,20000,0.00045000000000000004,0.0009000000000000001,0.9,0.82,10,True,128,1,0.95,550000,640,0.801713,213.000
batch_size_80_run2,2025-12-01T00:24:48Z,"Intel64 Family 6 Model 170 Stepping 4, GenuineIntel",16,1400.00 MHz,31.70 GB,NVIDIA GeForce RTX 4060 Laptop GPU,Windows 10,PPO,80,20000,0.00045000000000000004,0.0009000000000000001,0.9,0.82,10,True,128,1,0.95,550000,640,1.154340,319.000
batch_size_80_run3,2025-12-01T00:30:28Z,"Intel64 Family 6 Model 170 Stepping 4, GenuineIntel",16,1400.00 MHz,31.70 GB,NVIDIA GeForce RTX 4060 Laptop GPU,Windows 10,PPO,80,20000,0.00045000000000000004,0.0009000000000000001,0.9,0.82,10,True,128,1,0.95,550000,640,0.771749,239.000
batch_size_80_run4,2025-12-01T00:34:45Z,"Intel64 Family 6 Model 170 Stepping 4, GenuineIntel",16,1400.00 MHz,31.70 GB,NVIDIA GeForce RTX 4060 Laptop GPU,Windows 10,PPO,80,20000,0.00045000000000000004,0.0009000000000000001,0.9,0.82,10,True,128,1,0.95,550000,640,0.589856,278.000
batch_size_96_run0,2025-12-01T00:39:48Z,"Intel64 Family 6 Model 170 Stepping 4, GenuineIntel",16,1400.00 MHz,31.70 GB,NVIDIA GeForce RTX 4060 Laptop GPU,Windows 10,PPO,96,20000,0.00045000000000000004,0.0009000000000000001,0.9,0.82,10,True,128,1,0.95,550000,640,0.620034,274.000
batch_size_96_run1,2025-12-01T00:44:34Z,"Intel64 Family 6 Model 170 Stepping 4, GenuineIntel",16,1400.00 MHz,31.70 GB,NVIDIA GeForce RTX 4060 Laptop GPU,Windows 10,PPO,96,20000,0.00045000000000000004,0.0009000000000000001,0.9,0.82,10,True,128,1,0.95,550000,640,0.700900,155.000
batch_size_96_run2,2025-12-01T00:47:23Z,"Intel64 Family 6 Model 170 Stepping 4, GenuineIntel",16,1400.00 MHz,31.70 GB,NVIDIA GeForce RTX 4060 Laptop GPU,Windows 10,PPO,96,20000,0.00045000000000000004,0.0009000000000000001,0.9,0.82,10,True,128,1,0.95,550000,640,0.772191,142.000
batch_size_96_run3,2025-12-01T00:49:58Z,"Intel64 Family 6 Model 170 Stepping 4, GenuineIntel",16,1400.00 MHz,31.70 GB,NVIDIA GeForce RTX 4060 Laptop GPU,Windows 10,PPO,96,20000,0.00045000000000000004,0.0009000000000000001,0.9,0.82,10,True,128,1,0.95,550000,640,0.684924,196.000
batch_size_96_run4,2025-12-01T00:53:27Z,"Intel64 Family 6 Model 170 Stepping 4, GenuineIntel",16,1400.00 MHz,31.70 GB,NVIDIA GeForce RTX 4060 Laptop GPU,Windows 10,PPO,96,20000,0.00045000000000000004,0.0009000000000000001,0.9,0.82,10,True,128,1,0.95,550000,640,0.498243,260.000
batch_size_112_run0,2025-12-01T00:57:58Z,"Intel64 Family 6 Model 170 Stepping 4, GenuineIntel",16,1400.00 MHz,31.70 GB,NVIDIA GeForce RTX 4060 Laptop GPU,Windows 10,PPO,112,20000,0.00045000000000000004,0.0009000000000000001,0.9,0.82,10,True,128,1,0.95,550000,640,0.684300,223.000
batch_size_112_run1,2025-12-01T01:01:55Z,"Intel64 Family 6 Model 170 Stepping 4, GenuineIntel",16,1400.00 MHz,31.70 GB,NVIDIA GeForce RTX 4060 Laptop GPU,Windows 10,PPO,112,20000,0.00045000000000000004,0.0009000000000000001,0.9,0.82,10,True,128,1,0.95,550000,640,1.563648,243.000
batch_size_112_run2,2025-12-01T01:06:11Z,"Intel64 Family 6 Model 170 Stepping 4, GenuineIntel",16,1400.00 MHz,31.70 GB,NVIDIA GeForce RTX 4060 Laptop GPU,Windows 10,PPO,112,20000,0.00045000000000000004,0.0009000000000000001,0.9,0.82,10,True,128,1,0.95,550000,640,0.375148,176.000
batch_size_112_run3,2025-12-01T01:09:21Z,"Intel64 Family 6 Model 170 Stepping 4, GenuineIntel",16,1400.00 MHz,31.70 GB,NVIDIA GeForce RTX 4060 Laptop GPU,Windows 10,PPO,112,20000,0.00045000000000000004,0.0009000000000000001,0.9,0.82,10,True,128,1,0.95,550000,640,0.795355,176.000
batch_size_112_run4,2025-12-01T01:12:28Z,"Intel64 Family 6 Model 170 Stepping 4, GenuineIntel",16,1400.00 MHz,31.70 GB,NVIDIA GeForce RTX 4060 Laptop GPU,Windows 10,PPO,112,20000,0.00045000000000000004,0.0009000000000000001,0.9,0.82,10,True,128,1,0.95,550000,640,0.878338,291.000
batch_size_128_run0,2025-12-01T01:17:31Z,"Intel64 Family 6 Model 170 Stepping 4, GenuineIntel",16,1400.00 MHz,31.70 GB,NVIDIA GeForce RTX 4060 Laptop GPU,Windows 10,PPO,128,20000,0.00045000000000000004,0.0009000000000000001,0.9,0.82,10,True,128,1,0.95,550000,640,0.536498,150.000
batch_size_128_run1,2025-12-01T01:20:21Z,"Intel64 Family 6 Model 170 Stepping 4, GenuineIntel",16,1400.00 MHz,31.70 GB,NVIDIA GeForce RTX 4060 Laptop GPU,Windows 10,PPO,128,20000,0.00045000000000000004,0.0009000000000000001,0.9,0.82,10,True,128,1,0.95,550000,640,0.714687,258.000
batch_size_128_run2,2025-12-01T01:24:53Z,"Intel64 Family 6 Model 170 Stepping 4, GenuineIntel",16,1400.00 MHz,31.70 GB,NVIDIA GeForce RTX 4060 Laptop GPU,Windows 10,PPO,128,20000,0.00045000000000000004,0.0009000000000000001,0.9,0.82,10,True,128,1,0.95,550000,640,1.287589,151.000
batch_size_128_run3,2025-12-01T01:27:36Z,"Intel64 Family 6 Model 170 Stepping 4, GenuineIntel",16,1400.00 MHz,31.70 GB,NVIDIA GeForce RTX 4060 Laptop GPU,Windows 10,PPO,128,20000,0.00045000000000000004,0.0009000000000000001,0.9,0.82,10,True,128,1,0.95,550000,640,0.832367,118.000
batch_size_128_run4,2025-12-01T01:29:42Z,"Intel64 Family 6 Model 170 Stepping 4, GenuineIntel",16,1400.00 MHz,31.70 GB,NVIDIA GeForce RTX 4060 Laptop GPU,Windows 10,PPO,128,20000,0.00045000000000000004,0.0009000000000000001,0.9,0.82,10,True,128,1,0.95,550000,640,0.672252,146.000
batch_size_144_run0,2025-12-01T01:32:23Z,"Intel64 Family 6 Model 170 Stepping 4, GenuineIntel",16,1400.00 MHz,31.70 GB,NVIDIA GeForce RTX 4060 Laptop GPU,Windows 10,PPO,144,20000,0.00045000000000000004,0.0009000000000000001,0.9,0.82,10,True,128,1,0.95,550000,640,0.688372,187.000
batch_size_144_run1,2025-12-01T01:35:42Z,"Intel64 Family 6 Model 170 Stepping 4, GenuineIntel",16,1400.00 MHz,31.70 GB,NVIDIA GeForce RTX 4060 Laptop GPU,Windows 10,PPO,144,20000,0.00045000000000000004,0.0009000000000000001,0.9,0.82,10,True,128,1,0.95,550000,640,0.616395,135.000
batch_size_144_run2,2025-12-01T01:38:09Z,"Intel64 Family 6 Model 170 Stepping 4, GenuineIntel",16,1400.00 MHz,31.70 GB,NVIDIA GeForce RTX 4060 Laptop GPU,Windows 10,PPO,144,20000,0.00045000000000000004,0.0009000000000000001,0.9,0.82,10,True,128,1,0.95,550000,640,0.603322,173.000
batch_size_144_run3,2025-12-01T01:41:13Z,"Intel64 Family 6 Model 170 Stepping 4, GenuineIntel",16,1400.00 MHz,31.70 GB,NVIDIA GeForce RTX 4060 Laptop GPU,Windows 10,PPO,144,20000,0.00045000000000000004,0.0009000000000000001,0.9,0.82,10,True,128,1,0.95,550000,640,1.072421,254.000
batch_size_144_run4,2025-12-01T01:45:41Z,"Intel64 Family 6 Model 170 Stepping 4, GenuineIntel",16,1400.00 MHz,31.70 GB,NVIDIA GeForce RTX 4060 Laptop GPU,Windows 10,PPO,144,20000,0.00045000000000000004,0.0009000000000000001,0.9,0.82,10,True,128,1,0.95,550000,640,0.732722,170.000
batch_size_160_run0,2025-12-01T01:48:47Z,"Intel64 Family 6 Model 170 Stepping 4, GenuineIntel",16,1400.00 MHz,31.70 GB,NVIDIA GeForce RTX 4060 Laptop GPU,Windows 10,PPO,160,20000,0.00045000000000000004,0.0009000000000000001,0.9,0.82,10,True,128,1,0.95,550000,640,0.770907,164.000
batch_size_160_run1,2025-12-01T01:51:49Z,"Intel64 Family 6 Model 170 Stepping 4, GenuineIntel",16,1400.00 MHz,31.70 GB,NVIDIA GeForce RTX 4060 Laptop GPU,Windows 10,PPO,160,20000,0.00045000000000000004,0.0009000000000000001,0.9,0.82,10,True,128,1,0.95,550000,640,0.525020,165.000
batch_size_160_run2,2025-12-01T01:54:49Z,"Intel64 Family 6 Model 170 Stepping 4, GenuineIntel",16,1400.00 MHz,31.70 GB,NVIDIA GeForce RTX 4060 Laptop GPU,Windows 10,PPO,160,20000,0.00045000000000000004,0.0009000000000000001,0.9,0.82,10,True,128,1,0.95,550000,640,0.650044,158.000
batch_size_160_run3,2025-12-01T01:57:38Z,"Intel64 Family 6 Model 170 Stepping 4, GenuineIntel",16,1400.00 MHz,31.70 GB,NVIDIA GeForce RTX 4060 Laptop GPU,Windows 10,PPO,160,20000,0.00045000000000000004,0.0009000000000000001,0.9,0.82,10,True,128,1,0.95,550000,640,0.585678,188.000
batch_size_160_run4,2025-12-01T02:00:59Z,"Intel64 Family 6 Model 170 Stepping 4, GenuineIntel",16,1400.00 MHz,31.70 GB,NVIDIA GeForce RTX 4060 Laptop GPU,Windows 10,PPO,160,20000,0.00045000000000000004,0.0009000000000000001,0.9,0.82,10,True,128,1,0.95,550000,640,0.648122,118.000
batch_size_16_run0,2025-12-01T02:17:40Z,"Intel64 Family 6 Model 170 Stepping 4, GenuineIntel",16,1400.00 MHz,31.70 GB,NVIDIA GeForce RTX 4060 Laptop GPU,Windows 10,PPO,16,20000,0.00045000000000000004,0.0009000000000000001,0.9,0.82,10,True,128,1,0.95,550000,640,0.457477,26656.000
batch_size_16_run1,2025-12-01T09:42:05Z,"Intel64 Family 6 Model 170 Stepping 4, GenuineIntel",16,1400.00 MHz,31.70 GB,NVIDIA GeForce RTX 4060 Laptop GPU,Windows 10,PPO,16,20000,0.00045000000000000004,0.0009000000000000001,0.9,0.82,10,True,128,1,0.95,550000,640,0.649956,128.000
batch_size_16_run2,2025-12-01T09:44:19Z,"Intel64 Family 6 Model 170 Stepping 4, GenuineIntel",16,1400.00 MHz,31.70 GB,NVIDIA GeForce RTX 4060 Laptop GPU,Windows 10,PPO,16,20000,0.00045000000000000004,0.0009000000000000001,0.9,0.82,10,True,128,1,0.95,550000,640,1.021656,4782.000
cpu_batch_size_16_run0,2025-12-01T12:01:53Z,"Intel64 Family 6 Model 170 Stepping 4, GenuineIntel",16,1400.00 MHz,31.70 GB,NVIDIA GeForce RTX 4060 Laptop GPU,Windows 10,PPO,16,20000,0.00045000000000000004,0.0009000000000000001,0.9,0.82,10,True,128,1,0.95,550000,640,0.570760,321.000
cpu_batch_size_16_run0,2025-12-01T12:31:20Z,"Intel64 Family 6 Model 170 Stepping 4, GenuineIntel",16,1400.00 MHz,31.70 GB,NVIDIA GeForce RTX 4060 Laptop GPU,Windows 10,PPO,16,20000,0.00045000000000000004,0.0009000000000000001,0.9,0.82,10,True,128,1,0.95,550000,640,0.631401,361.000
cpu_batch_size_16_run1,2025-12-01T12:37:31Z,"Intel64 Family 6 Model 170 Stepping 4, GenuineIntel",16,1400.00 MHz,31.70 GB,NVIDIA GeForce RTX 4060 Laptop GPU,Windows 10,PPO,16,20000,0.00045000000000000004,0.0009000000000000001,0.9,0.82,10,True,128,1,0.95,550000,640,0.468260,445.000
cpu_batch_size_16_run2,2025-12-01T12:45:09Z,"Intel64 Family 6 Model 170 Stepping 4, GenuineIntel",16,1400.00 MHz,31.70 GB,NVIDIA GeForce RTX 4060 Laptop GPU,Windows 10,PPO,16,20000,0.00045000000000000004,0.0009000000000000001,0.9,0.82,10,True,128,1,0.95,550000,640,0.963880,414.000
cpu_batch_size_16_run3,2025-12-01T12:52:18Z,"Intel64 Family 6 Model 170 Stepping 4, GenuineIntel",16,1400.00 MHz,31.70 GB,NVIDIA GeForce RTX 4060 Laptop GPU,Windows 10,PPO,16,20000,0.00045000000000000004,0.0009000000000000001,0.9,0.82,10,True,128,1,0.95,550000,640,0.750046,318.000
cpu_batch_size_16_run4,2025-12-01T12:57:55Z,"Intel64 Family 6 Model 170 Stepping 4, GenuineIntel",16,1400.00 MHz,31.70 GB,NVIDIA GeForce RTX 4060 Laptop GPU,Windows 10,PPO,16,20000,0.00045000000000000004,0.0009000000000000001,0.9,0.82,10,True,128,1,0.95,550000,640,1.153041,296.000
cpu_batch_size_32_run0,2025-12-01T13:03:07Z,"Intel64 Family 6 Model 170 Stepping 4, GenuineIntel",16,1400.00 MHz,31.70 GB,NVIDIA GeForce RTX 4060 Laptop GPU,Windows 10,PPO,16,20000,0.00045000000000000004,0.0009000000000000001,0.9,0.82,10,True,128,1,0.95,550000,640,0.406471,323.000
cpu_batch_size_32_run1,2025-12-01T13:08:44Z,"Intel64 Family 6 Model 170 Stepping 4, GenuineIntel",16,1400.00 MHz,31.70 GB,NVIDIA GeForce RTX 4060 Laptop GPU,Windows 10,PPO,16,20000,0.00045000000000000004,0.0009000000000000001,0.9,0.82,10,True,128,1,0.95,550000,640,0.902603,253.000
cpu_batch_size_32_run2,2025-12-01T13:13:09Z,"Intel64 Family 6 Model 170 Stepping 4, GenuineIntel",16,1400.00 MHz,31.70 GB,NVIDIA GeForce RTX 4060 Laptop GPU,Windows 10,PPO,16,20000,0.00045000000000000004,0.0009000000000000001,0.9,0.82,10,True,128,1,0.95,550000,640,0.763840,256.000
cpu_batch_size_32_run3,2025-12-01T13:17:40Z,"Intel64 Family 6 Model 170 Stepping 4, GenuineIntel",16,1400.00 MHz,31.70 GB,NVIDIA GeForce RTX 4060 Laptop GPU,Windows 10,PPO,16,20000,0.00045000000000000004,0.0009000000000000001,0.9,0.82,10,True,128,1,0.95,550000,640,0.985193,325.000
cpu_batch_size_32_run4,2025-12-01T13:23:17Z,"Intel64 Family 6 Model 170 Stepping 4, GenuineIntel",16,1400.00 MHz,31.70 GB,NVIDIA GeForce RTX 4060 Laptop GPU,Windows 10,PPO,16,20000,0.00045000000000000004,0.0009000000000000001,0.9,0.82,10,True,128,1,0.95,550000,640,0.768004,305.000
cpu_batch_size_48_run0,2025-12-01T13:28:33Z,"Intel64 Family 6 Model 170 Stepping 4, GenuineIntel",16,1400.00 MHz,31.70 GB,NVIDIA GeForce RTX 4060 Laptop GPU,Windows 10,PPO,16,20000,0.00045000000000000004,0.0009000000000000001,0.9,0.82,10,True,128,1,0.95,550000,640,0.645161,400.000
cpu_batch_size_48_run1,2025-12-01T13:35:26Z,"Intel64 Family 6 Model 170 Stepping 4, GenuineIntel",16,1400.00 MHz,31.70 GB,NVIDIA GeForce RTX 4060 Laptop GPU,Windows 10,PPO,16,20000,0.00045000000000000004,0.0009000000000000001,0.9,0.82,10,True,128,1,0.95,550000,640,0.436175,288.000
cpu_batch_size_48_run2,2025-12-01T13:40:24Z,"Intel64 Family 6 Model 170 Stepping 4, GenuineIntel",16,1400.00 MHz,31.70 GB,NVIDIA GeForce RTX 4060 Laptop GPU,Windows 10,PPO,16,20000,0.00045000000000000004,0.0009000000000000001,0.9,0.82,10,True,128,1,0.95,550000,640,0.927992,195.000
cpu_batch_size_48_run3,2025-12-01T13:43:48Z,"Intel64 Family 6 Model 170 Stepping 4, GenuineIntel",16,1400.00 MHz,31.70 GB,NVIDIA GeForce RTX 4060 Laptop GPU,Windows 10,PPO,16,20000,0.00045000000000000004,0.0009000000000000001,0.9,0.82,10,True,128,1,0.95,550000,640,0.989562,238.000
cpu_batch_size_48_run4,2025-12-01T13:48:01Z,"Intel64 Family 6 Model 170 Stepping 4, GenuineIntel",16,1400.00 MHz,31.70 GB,NVIDIA GeForce RTX 4060 Laptop GPU,Windows 10,PPO,16,20000,0.00045000000000000004,0.0009000000000000001,0.9,0.82,10,True,128,1,0.95,550000,640,1.214583,321.000
cpu_batch_size_64_run0,2025-12-01T13:53:31Z,"Intel64 Family 6 Model 170 Stepping 4, GenuineIntel",16,1400.00 MHz,31.70 GB,NVIDIA GeForce RTX 4060 Laptop GPU,Windows 10,PPO,16,20000,0.00045000000000000004,0.0009000000000000001,0.9,0.82,10,True,128,1,0.95,550000,640,0.898303,194.000
cpu_batch_size_64_run1,2025-12-01T13:56:55Z,"Intel64 Family 6 Model 170 Stepping 4, GenuineIntel",16,1400.00 MHz,31.70 GB,NVIDIA GeForce RTX 4060 Laptop GPU,Windows 10,PPO,16,20000,0.00045000000000000004,0.0009000000000000001,0.9,0.82,10,True,128,1,0.95,550000,640,0.735780,254.000
cpu_batch_size_64_run2,2025-12-01T14:01:23Z,"Intel64 Family 6 Model 170 Stepping 4, GenuineIntel",16,1400.00 MHz,31.70 GB,NVIDIA GeForce RTX 4060 Laptop GPU,Windows 10,PPO,16,20000,0.00045000000000000004,0.0009000000000000001,0.9,0.82,10,True,128,1,0.95,550000,640,0.998111,478.000
cpu_batch_size_64_run3,2025-12-01T14:09:53Z,"Intel64 Family 6 Model 170 Stepping 4, GenuineIntel",16,1400.00 MHz,31.70 GB,NVIDIA GeForce RTX 4060 Laptop GPU,Windows 10,PPO,16,20000,0.00045000000000000004,0.0009000000000000001,0.9,0.82,10,True,128,1,0.95,550000,640,0.469309,539.000
cpu_batch_size_64_run4,2025-12-01T14:19:37Z,"Intel64 Family 6 Model 170 Stepping 4, GenuineIntel",16,1400.00 MHz,31.70 GB,NVIDIA GeForce RTX 4060 Laptop GPU,Windows 10,PPO,16,20000,0.00045000000000000004,0.0009000000000000001,0.9,0.82,10,True,128,1,0.95,550000,640,0.498083,655.000
cpu_batch_size_80_run0,2025-12-01T14:31:18Z,"Intel64 Family 6 Model 170 Stepping 4, GenuineIntel",16,1400.00 MHz,31.70 GB,NVIDIA GeForce RTX 4060 Laptop GPU,Windows 10,PPO,16,20000,0.00045000000000000004,0.0009000000000000001,0.9,0.82,10,True,128,1,0.95,550000,640,0.834139,528.000
cpu_batch_size_80_run1,2025-12-01T14:40:38Z,"Intel64 Family 6 Model 170 Stepping 4, GenuineIntel",16,1400.00 MHz,31.70 GB,NVIDIA GeForce RTX 4060 Laptop GPU,Windows 10,PPO,16,20000,0.00045000000000000004,0.0009000000000000001,0.9,0.82,10,True,128,1,0.95,550000,640,0.689973,505.000
cpu_batch_size_80_run2,2025-12-01T14:49:35Z,"Intel64 Family 6 Model 170 Stepping 4, GenuineIntel",16,1400.00 MHz,31.70 GB,NVIDIA GeForce RTX 4060 Laptop GPU,Windows 10,PPO,16,20000,0.00045000000000000004,0.0009000000000000001,0.9,0.82,10,True,128,1,0.95,550000,640,0.755803,326.000
cpu_batch_size_80_run3,2025-12-01T14:55:55Z,"Intel64 Family 6 Model 170 Stepping 4, GenuineIntel",16,1400.00 MHz,31.70 GB,NVIDIA GeForce RTX 4060 Laptop GPU,Windows 10,PPO,16,20000,0.00045000000000000004,0.0009000000000000001,0.9,0.82,10,True,128,1,0.95,550000,640,0.872217,543.000
cpu_batch_size_80_run4,2025-12-01T15:05:20Z,"Intel64 Family 6 Model 170 Stepping 4, GenuineIntel",16,1400.00 MHz,31.70 GB,NVIDIA GeForce RTX 4060 Laptop GPU,Windows 10,PPO,16,20000,0.00045000000000000004,0.0009000000000000001,0.9,0.82,10,True,128,1,0.95,550000,640,1.081134,425.000
cpu_batch_size_96_run0,2025-12-01T15:12:47Z,"Intel64 Family 6 Model 170 Stepping 4, GenuineIntel",16,1400.00 MHz,31.70 GB,NVIDIA GeForce RTX 4060 Laptop GPU,Windows 10,PPO,16,20000,0.00045000000000000004,0.0009000000000000001,0.9,0.82,10,True,128,1,0.95,550000,640,0.654737,383.000
cpu_batch_size_96_run1,2025-12-01T15:19:28Z,"Intel64 Family 6 Model 170 Stepping 4, GenuineIntel",16,1400.00 MHz,31.70 GB,NVIDIA GeForce RTX 4060 Laptop GPU,Windows 10,PPO,16,20000,0.00045000000000000004,0.0009000000000000001,0.9,0.82,10,True,128,1,0.95,550000,640,0.567750,421.000
cpu_batch_size_96_run2,2025-12-01T15:26:44Z,"Intel64 Family 6 Model 170 Stepping 4, GenuineIntel",16,1400.00 MHz,31.70 GB,NVIDIA GeForce RTX 4060 Laptop GPU,Windows 10,PPO,16,20000,0.00045000000000000004,0.0009000000000000001,0.9,0.82,10,True,128,1,0.95,550000,640,0.668347,386.000
cpu_batch_size_96_run3,2025-12-01T15:34:18Z,"Intel64 Family 6 Model 170 Stepping 4, GenuineIntel",16,1400.00 MHz,31.70 GB,NVIDIA GeForce RTX 4060 Laptop GPU,Windows 10,PPO,16,20000,0.00045000000000000004,0.0009000000000000001,0.9,0.82,10,True,128,1,0.95,550000,640,0.603663,429.000
cpu_batch_size_96_run4,2025-12-01T15:41:52Z,"Intel64 Family 6 Model 170 Stepping 4, GenuineIntel",16,1400.00 MHz,31.70 GB,NVIDIA GeForce RTX 4060 Laptop GPU,Windows 10,PPO,16,20000,0.00045000000000000004,0.0009000000000000001,0.9,0.82,10,True,128,1,0.95,550000,640,2.676038,302.000
cpu_batch_size_112_run0,2025-12-01T15:47:10Z,"Intel64 Family 6 Model 170 Stepping 4, GenuineIntel",16,1400.00 MHz,31.70 GB,NVIDIA GeForce RTX 4060 Laptop GPU,Windows 10,PPO,16,20000,0.00045000000000000004,0.0009000000000000001,0.9,0.82,10,True,128,1,0.95,550000,640,0.536386,462.000
cpu_batch_size_112_run1,2025-12-01T15:55:13Z,"Intel64 Family 6 Model 170 Stepping 4, GenuineIntel",16,1400.00 MHz,31.70 GB,NVIDIA GeForce RTX 4060 Laptop GPU,Windows 10,PPO,16,20000,0.00045000000000000004,0.0009000000000000001,0.9,0.82,10,True,128,1,0.95,550000,640,0.509179,394.000
cpu_batch_size_112_run2,2025-12-01T16:02:04Z,"Intel64 Family 6 Model 170 Stepping 4, GenuineIntel",16,1400.00 MHz,31.70 GB,NVIDIA GeForce RTX 4060 Laptop GPU,Windows 10,PPO,16,20000,0.00045000000000000004,0.0009000000000000001,0.9,0.82,10,True,128,1,0.95,550000,640,0.591371,254.000
cpu_batch_size_112_run3,2025-12-01T16:06:25Z,"Intel64 Family 6 Model 170 Stepping 4, GenuineIntel",16,1400.00 MHz,31.70 GB,NVIDIA GeForce RTX 4060 Laptop GPU,Windows 10,PPO,16,20000,0.00045000000000000004,0.0009000000000000001,0.9,0.82,10,True,128,1,0.95,550000,640,0.791115,285.000
cpu_batch_size_112_run4,2025-12-01T16:11:18Z,"Intel64 Family 6 Model 170 Stepping 4, GenuineIntel",16,1400.00 MHz,31.70 GB,NVIDIA GeForce RTX 4060 Laptop GPU,Windows 10,PPO,16,20000,0.00045000000000000004,0.0009000000000000001,0.9,0.82,10,True,128,1,0.95,550000,640,1.156321,230.000
cpu_batch_size_128_run0,2025-12-01T16:15:16Z,"Intel64 Family 6 Model 170 Stepping 4, GenuineIntel",16,1400.00 MHz,31.70 GB,NVIDIA GeForce RTX 4060 Laptop GPU,Windows 10,PPO,16,20000,0.00045000000000000004,0.0009000000000000001,0.9,0.82,10,True,128,1,0.95,550000,640,0.697484,289.000
cpu_batch_size_128_run1,2025-12-01T16:20:15Z,"Intel64 Family 6 Model 170 Stepping 4, GenuineIntel",16,1400.00 MHz,31.70 GB,NVIDIA GeForce RTX 4060 Laptop GPU,Windows 10,PPO,16,20000,0.00045000000000000004,0.0009000000000000001,0.9,0.82,10,True,128,1,0.95,550000,640,1.079085,262.000
cpu_batch_size_128_run2,2025-12-01T16:24:44Z,"Intel64 Family 6 Model 170 Stepping 4, GenuineIntel",16,1400.00 MHz,31.70 GB,NVIDIA GeForce RTX 4060 Laptop GPU,Windows 10,PPO,16,20000,0.00045000000000000004,0.0009000000000000001,0.9,0.82,10,True,128,1,0.95,550000,640,0.738822,259.000
cpu_batch_size_128_run3,2025-12-01T16:29:13Z,"Intel64 Family 6 Model 170 Stepping 4, GenuineIntel",16,1400.00 MHz,31.70 GB,NVIDIA GeForce RTX 4060 Laptop GPU,Windows 10,PPO,16,20000,0.00045000000000000004,0.0009000000000000001,0.9,0.82,10,True,128,1,0.95,550000,640,0.782032,246.000
cpu_batch_size_128_run4,2025-12-01T16:33:26Z,"Intel64 Family 6 Model 170 Stepping 4, GenuineIntel",16,1400.00 MHz,31.70 GB,NVIDIA GeForce RTX 4060 Laptop GPU,Windows 10,PPO,16,20000,0.00045000000000000004,0.0009000000000000001,0.9,0.82,10,True,128,1,0.95,550000,640,1.175740,121.000
cpu_batch_size_16_run0,2026-01-07T12:10:07Z,"Intel64 Family 6 Model 170 Stepping 4, GenuineIntel",16,1400.00 MHz,31.70 GB,NVIDIA GeForce RTX 4060 Laptop GPU,Windows 10,PPO,16,20000,0.00045000000000000004,0.0009000000000000001,0.9,0.82,10,True,128,1,0.95,550000,640,0.476753,105.000
cpu_batch_size_16_run1,2026-01-07T12:11:57Z,"Intel64 Family 6 Model 170 Stepping 4, GenuineIntel",16,1400.00 MHz,31.70 GB,NVIDIA GeForce RTX 4060 Laptop GPU,Windows 10,PPO,16,20000,0.00045000000000000004,0.0009000000000000001,0.9,0.82,10,True,128,1,0.95,550000,640,1.080807,102.000
cpu_batch_size_16_run2,2026-01-07T12:13:44Z,"Intel64 Family 6 Model 170 Stepping 4, GenuineIntel",16,1400.00 MHz,31.70 GB,NVIDIA GeForce RTX 4060 Laptop GPU,Windows 10,PPO,16,20000,0.00045000000000000004,0.0009000000000000001,0.9,0.82,10,True,128,1,0.95,550000,640,0.574791,98.000
cpu_batch_size_16_run3,2026-01-07T12:15:28Z,"Intel64 Family 6 Model 170 Stepping 4, GenuineIntel",16,1400.00 MHz,31.70 GB,NVIDIA GeForce RTX 4060 Laptop GPU,Windows 10,PPO,16,20000,0.00045000000000000004,0.0009000000000000001,0.9,0.82,10,True,128,1,0.95,550000,640,0.629819,95.000
cpu_batch_size_16_run4,2026-01-07T12:17:09Z,"Intel64 Family 6 Model 170 Stepping 4, GenuineIntel",16,1400.00 MHz,31.70 GB,NVIDIA GeForce RTX 4060 Laptop GPU,Windows 10,PPO,16,20000,0.00045000000000000004,0.0009000000000000001,0.9,0.82,10,True,128,1,0.95,550000,640,1.528646,93.000
cpu_batch_size_16_run5,2026-01-07T12:18:47Z,"Intel64 Family 6 Model 170 Stepping 4, GenuineIntel",16,1400.00 MHz,31.70 GB,NVIDIA GeForce RTX 4060 Laptop GPU,Windows 10,PPO,16,20000,0.00045000000000000004,0.0009000000000000001,0.9,0.82,10,True,128,1,0.95,550000,640,0.840640,99.000
cpu_batch_size_16_run6,2026-01-07T12:20:34Z,"Intel64 Family 6 Model 170 Stepping 4, GenuineIntel",16,1400.00 MHz,31.70 GB,NVIDIA GeForce RTX 4060 Laptop GPU,Windows 10,PPO,16,20000,0.00045000000000000004,0.0009000000000000001,0.9,0.82,10,True,128,1,0.95,550000,640,0.664286,102.000
cpu_batch_size_16_run7,2026-01-07T12:22:21Z,"Intel64 Family 6 Model 170 Stepping 4, GenuineIntel",16,1400.00 MHz,31.70 GB,NVIDIA GeForce RTX 4060 Laptop GPU,Windows 10,PPO,16,20000,0.00045000000000000004,0.0009000000000000001,0.9,0.82,10,True,128,1,0.95,550000,640,0.885501,96.000
cpu_batch_size_16_run8,2026-01-07T12:24:03Z,"Intel64 Family 6 Model 170 Stepping 4, GenuineIntel",16,1400.00 MHz,31.70 GB,NVIDIA GeForce RTX 4060 Laptop GPU,Windows 10,PPO,16,20000,0.00045000000000000004,0.0009000000000000001,0.9,0.82,10,True,128,1,0.95,550000,640,0.674800,98.000
cpu_batch_size_16_run9,2026-01-07T12:25:46Z,"Intel64 Family 6 Model 170 Stepping 4, GenuineIntel",16,1400.00 MHz,31.70 GB,NVIDIA GeForce RTX 4060 Laptop GPU,Windows 10,PPO,16,20000,0.00045000000000000004,0.0009000000000000001,0.9,0.82,10,True,128,1,0.95,550000,640,0.864208,99.000
cpu_batch_size_16_run10,2026-01-07T12:27:30Z,"Intel64 Family 6 Model 170 Stepping 4, GenuineIntel",16,1400.00 MHz,31.70 GB,NVIDIA GeForce RTX 4060 Laptop GPU,Windows 10,PPO,16,20000,0.00045000000000000004,0.0009000000000000001,0.9,0.82,10,True,128,1,0.95,550000,640,0.859843,99.000
cpu_batch_size_16_run11,2026-01-07T12:29:14Z,"Intel64 Family 6 Model 170 Stepping 4, GenuineIntel",16,1400.00 MHz,31.70 GB,NVIDIA GeForce RTX 4060 Laptop GPU,Windows 10,PPO,16,20000,0.00045000000000000004,0.0009000000000000001,0.9,0.82,10,True,128,1,0.95,550000,640,0.376254,100.000
cpu_batch_size_16_run12,2026-01-07T12:30:59Z,"Intel64 Family 6 Model 170 Stepping 4, GenuineIntel",16,1400.00 MHz,31.70 GB,NVIDIA GeForce RTX 4060 Laptop GPU,Windows 10,PPO,16,20000,0.00045000000000000004,0.0009000000000000001,0.9,0.82,10,True,128,1,0.95,550000,640,0.505217,100.000
cpu_batch_size_16_run13,2026-01-07T12:32:44Z,"Intel64 Family 6 Model 170 Stepping 4, GenuineIntel",16,1400.00 MHz,31.70 GB,NVIDIA GeForce RTX 4060 Laptop GPU,Windows 10,PPO,16,20000,0.00045000000000000004,0.0009000000000000001,0.9,0.82,10,True,128,1,0.95,550000,640,0.823965,98.000
cpu_batch_size_16_run14,2026-01-07T12:34:28Z,"Intel64 Family 6 Model 170 Stepping 4, GenuineIntel",16,1400.00 MHz,31.70 GB,NVIDIA GeForce RTX 4060 Laptop GPU,Windows 10,PPO,16,20000,0.00045000000000000004,0.0009000000000000001,0.9,0.82,10,True,128,1,0.95,550000,640,0.808596,99.000
cpu_batch_size_16_run15,2026-01-07T12:36:12Z,"Intel64 Family 6 Model 170 Stepping 4, GenuineIntel",16,1400.00 MHz,31.70 GB,NVIDIA GeForce RTX 4060 Laptop GPU,Windows 10,PPO,16,20000,0.00045000000000000004,0.0009000000000000001,0.9,0.82,10,True,128,1,0.95,550000,640,0.689097,100.000
cpu_batch_size_16_run16,2026-01-07T12:37:58Z,"Intel64 Family 6 Model 170 Stepping 4, GenuineIntel",16,1400.00 MHz,31.70 GB,NVIDIA GeForce RTX 4060 Laptop GPU,Windows 10,PPO,16,20000,0.00045000000000000004,0.0009000000000000001,0.9,0.82,10,True,128,1,0.95,550000,640,0.561047,97.000
cpu_batch_size_16_run17,2026-01-07T12:39:40Z,"Intel64 Family 6 Model 170 Stepping 4, GenuineIntel",16,1400.00 MHz,31.70 GB,NVIDIA GeForce RTX 4060 Laptop GPU,Windows 10,PPO,16,20000,0.00045000000000000004,0.0009000000000000001,0.9,0.82,10,True,128,1,0.95,550000,640,0.451668,98.000
cpu_batch_size_16_run18,2026-01-07T12:41:24Z,"Intel64 Family 6 Model 170 Stepping 4, GenuineIntel",16,1400.00 MHz,31.70 GB,NVIDIA GeForce RTX 4060 Laptop GPU,Windows 10,PPO,16,20000,0.00045000000000000004,0.0009000000000000001,0.9,0.82,10,True,128,1,0.95,550000,640,0.815724,96.000
cpu_batch_size_16_run19,2026-01-07T12:43:06Z,"Intel64 Family 6 Model 170 Stepping 4, GenuineIntel",16,1400.00 MHz,31.70 GB,NVIDIA GeForce RTX 4060 Laptop GPU,Windows 10,PPO,16,20000,0.00045000000000000004,0.0009000000000000001,0.9,0.82,10,True,128,1,0.95,550000,640,0.760558,96.000
cpu_batch_size_16_run20,2026-01-07T12:44:48Z,"Intel64 Family 6 Model 170 Stepping 4, GenuineIntel",16,1400.00 MHz,31.70 GB,NVIDIA GeForce RTX 4060 Laptop GPU,Windows 10,PPO,16,20000,0.00045000000000000004,0.0009000000000000001,0.9,0.82,10,True,128,1,0.95,550000,640,0.791667,96.000
cpu_batch_size_16_run21,2026-01-07T12:46:30Z,"Intel64 Family 6 Model 170 Stepping 4, GenuineIntel",16,1400.00 MHz,31.70 GB,NVIDIA GeForce RTX 4060 Laptop GPU,Windows 10,PPO,16,20000,0.00045000000000000004,0.0009000000000000001,0.9,0.82,10,True,128,1,0.95,550000,640,0.777205,96.000
cpu_batch_size_16_run22,2026-01-07T12:48:11Z,"Intel64 Family 6 Model 170 Stepping 4, GenuineIntel",16,1400.00 MHz,31.70 GB,NVIDIA GeForce RTX 4060 Laptop GPU,Windows 10,PPO,16,20000,0.00045000000000000004,0.0009000000000000001,0.9,0.82,10,True,128,1,0.95,550000,640,0.823773,97.000
cpu_batch_size_16_run23,2026-01-07T12:49:54Z,"Intel64 Family 6 Model 170 Stepping 4, GenuineIntel",16,1400.00 MHz,31.70 GB,NVIDIA GeForce RTX 4060 Laptop GPU,Windows 10,PPO,16,20000,0.00045000000000000004,0.0009000000000000001,0.9,0.82,10,True,128,1,0.95,550000,640,0.665989,98.000
cpu_batch_size_16_run24,2026-01-07T12:51:37Z,"Intel64 Family 6 Model 170 Stepping 4, GenuineIntel",16,1400.00 MHz,31.70 GB,NVIDIA GeForce RTX 4060 Laptop GPU,Windows 10,PPO,16,20000,0.00045000000000000004,0.0009000000000000001,0.9,0.82,10,True,128,1,0.95,550000,640,0.700270,97.000
cpu_batch_size_16_run25,2026-01-07T12:53:19Z,"Intel64 Family 6 Model 170 Stepping 4, GenuineIntel",16,1400.00 MHz,31.70 GB,NVIDIA GeForce RTX 4060 Laptop GPU,Windows 10,PPO,16,20000,0.00045000000000000004,0.0009000000000000001,0.9,0.82,10,True,128,1,0.95,550000,640,0.457087,97.000
cpu_batch_size_16_run26,2026-01-07T12:55:02Z,"Intel64 Family 6 Model 170 Stepping 4, GenuineIntel",16,1400.00 MHz,31.70 GB,NVIDIA GeForce RTX 4060 Laptop GPU,Windows 10,PPO,16,20000,0.00045000000000000004,0.0009000000000000001,0.9,0.82,10,True,128,1,0.95,550000,640,0.362646,97.000
cpu_batch_size_16_run27,2026-01-07T12:56:44Z,"Intel64 Family 6 Model 170 Stepping 4, GenuineIntel",16,1400.00 MHz,31.70 GB,NVIDIA GeForce RTX 4060 Laptop GPU,Windows 10,PPO,16,20000,0.00045000000000000004,0.0009000000000000001,0.9,0.82,10,True,128,1,0.95,550000,640,0.680605,97.000
cpu_batch_size_16_run28,2026-01-07T12:58:27Z,"Intel64 Family 6 Model 170 Stepping 4, GenuineIntel",16,1400.00 MHz,31.70 GB,NVIDIA GeForce RTX 4060 Laptop GPU,Windows 10,PPO,16,20000,0.00045000000000000004,0.0009000000000000001,0.9,0.82,10,True,128,1,0.95,550000,640,0.754082,96.000
cpu_batch_size_16_run29,2026-01-07T13:00:08Z,"Intel64 Family 6 Model 170 Stepping 4, GenuineIntel",16,1400.00 MHz,31.70 GB,NVIDIA GeForce RTX 4060 Laptop GPU,Windows 10,PPO,16,20000,0.00045000000000000004,0.0009000000000000001,0.9,0.82,10,True,128,1,0.95,550000,640,0.611130,97.000
cpu_batch_size_16_run30,2026-01-07T13:01:50Z,"Intel64 Family 6 Model 170 Stepping 4, GenuineIntel",16,1400.00 MHz,31.70 GB,NVIDIA GeForce RTX 4060 Laptop GPU,Windows 10,PPO,16,20000,0.00045000000000000004,0.0009000000000000001,0.9,0.82,10,True,128,1,0.95,550000,640,1.008228,96.000
cpu_batch_size_16_run31,2026-01-07T13:03:31Z,"Intel64 Family 6 Model 170 Stepping 4, GenuineIntel",16,1400.00 MHz,31.70 GB,NVIDIA GeForce RTX 4060 Laptop GPU,Windows 10,PPO,16,20000,0.00045000000000000004,0.0009000000000000001,0.9,0.82,10,True,128,1,0.95,550000,640,1.046129,97.000
cpu_batch_size_16_run32,2026-01-07T13:05:13Z,"Intel64 Family 6 Model 170 Stepping 4, GenuineIntel",16,1400.00 MHz,31.70 GB,NVIDIA GeForce RTX 4060 Laptop GPU,Windows 10,PPO,16,20000,0.00045000000000000004,0.0009000000000000001,0.9,0.82,10,True,128,1,0.95,550000,640,0.971325,95.000
cpu_batch_size_16_run33,2026-01-07T13:06:54Z,"Intel64 Family 6 Model 170 Stepping 4, GenuineIntel",16,1400.00 MHz,31.70 GB,NVIDIA GeForce RTX 4060 Laptop GPU,Windows 10,PPO,16,20000,0.00045000000000000004,0.0009000000000000001,0.9,0.82,10,True,128,1,0.95,550000,640,0.694529,96.000
cpu_batch_size_16_run34,2026-01-07T13:08:36Z,"Intel64 Family 6 Model 170 Stepping 4, GenuineIntel",16,1400.00 MHz,31.70 GB,NVIDIA GeForce RTX 4060 Laptop GPU,Windows 10,PPO,16,20000,0.00045000000000000004,0.0009000000000000001,0.9,0.82,10,True,128,1,0.95,550000,640,0.606485,96.000
cpu_batch_size_16_run35,2026-01-07T13:10:17Z,"Intel64 Family 6 Model 170 Stepping 4, GenuineIntel",16,1400.00 MHz,31.70 GB,NVIDIA GeForce RTX 4060 Laptop GPU,Windows 10,PPO,16,20000,0.00045000000000000004,0.0009000000000000001,0.9,0.82,10,True,128,1,0.95,550000,640,0.824735,96.000
cpu_batch_size_16_run36,2026-01-07T13:11:59Z,"Intel64 Family 6 Model 170 Stepping 4, GenuineIntel",16,1400.00 MHz,31.70 GB,NVIDIA GeForce RTX 4060 Laptop GPU,Windows 10,PPO,16,20000,0.00045000000000000004,0.0009000000000000001,0.9,0.82,10,True,128,1,0.95,550000,640,0.531296,97.000
cpu_batch_size_16_run37,2026-01-07T13:13:41Z,"Intel64 Family 6 Model 170 Stepping 4, GenuineIntel",16,1400.00 MHz,31.70 GB,NVIDIA GeForce RTX 4060 Laptop GPU,Windows 10,PPO,16,20000,0.00045000000000000004,0.0009000000000000001,0.9,0.82,10,True,128,1,0.95,550000,640,1.108168,96.000
cpu_batch_size_16_run38,2026-01-07T13:15:22Z,"Intel64 Family 6 Model 170 Stepping 4, GenuineIntel",16,1400.00 MHz,31.70 GB,NVIDIA GeForce RTX 4060 Laptop GPU,Windows 10,PPO,16,20000,0.00045000000000000004,0.0009000000000000001,0.9,0.82,10,True,128,1,0.95,550000,640,0.912274,96.000
cpu_batch_size_16_run39,2026-01-07T13:17:04Z,"Intel64 Family 6 Model 170 Stepping 4, GenuineIntel",16,1400.00 MHz,31.70 GB,NVIDIA GeForce RTX 4060 Laptop GPU,Windows 10,PPO,16,20000,0.00045000000000000004,0.0009000000000000001,0.9,0.82,10,True,128,1,0.95,550000,640,0.821998,96.000
cpu_batch_size_16_run40,2026-01-07T13:18:45Z,"Intel64 Family 6 Model 170 Stepping 4, GenuineIntel",16,1400.00 MHz,31.70 GB,NVIDIA GeForce RTX 4060 Laptop GPU,Windows 10,PPO,16,20000,0.00045000000000000004,0.0009000000000000001,0.9,0.82,10,True,128,1,0.95,550000,640,0.704058,97.000
cpu_batch_size_16_run41,2026-01-07T13:20:27Z,"Intel64 Family 6 Model 170 Stepping 4, GenuineIntel",16,1400.00 MHz,31.70 GB,NVIDIA GeForce RTX 4060 Laptop GPU,Windows 10,PPO,16,20000,0.00045000000000000004,0.0009000000000000001,0.9,0.82,10,True,128,1,0.95,550000,640,0.589443,97.000
cpu_batch_size_16_run42,2026-01-07T13:22:09Z,"Intel64 Family 6 Model 170 Stepping 4, GenuineIntel",16,1400.00 MHz,31.70 GB,NVIDIA GeForce RTX 4060 Laptop GPU,Windows 10,PPO,16,20000,0.00045000000000000004,0.0009000000000000001,0.9,0.82,10,True,128,1,0.95,550000,640,0.587605,97.000
cpu_batch_size_16_run43,2026-01-07T13:23:51Z,"Intel64 Family 6 Model 170 Stepping 4, GenuineIntel",16,1400.00 MHz,31.70 GB,NVIDIA GeForce RTX 4060 Laptop GPU,Windows 10,PPO,16,20000,0.00045000000000000004,0.0009000000000000001,0.9,0.82,10,True,128,1,0.95,550000,640,1.068364,96.000
cpu_batch_size_16_run44,2026-01-07T13:25:33Z,"Intel64 Family 6 Model 170 Stepping 4, GenuineIntel",16,1400.00 MHz,31.70 GB,NVIDIA GeForce RTX 4060 Laptop GPU,Windows 10,PPO,16,20000,0.00045000000000000004,0.0009000000000000001,0.9,0.82,10,True,128,1,0.95,550000,640,1.010443,96.000
cpu_batch_size_16_run45,2026-01-07T13:27:15Z,"Intel64 Family 6 Model 170 Stepping 4, GenuineIntel",16,1400.00 MHz,31.70 GB,NVIDIA GeForce RTX 4060 Laptop GPU,Windows 10,PPO,16,20000,0.00045000000000000004,0.0009000000000000001,0.9,0.82,10,True,128,1,0.95,550000,640,0.715336,101.000
cpu_batch_size_16_run46,2026-01-07T13:29:01Z,"Intel64 Family 6 Model 170 Stepping 4, GenuineIntel",16,1400.00 MHz,31.70 GB,NVIDIA GeForce RTX 4060 Laptop GPU,Windows 10,PPO,16,20000,0.00045000000000000004,0.0009000000000000001,0.9,0.82,10,True,128,1,0.95,550000,640,0.693005,96.000
cpu_batch_size_16_run47,2026-01-07T13:30:43Z,"Intel64 Family 6 Model 170 Stepping 4, GenuineIntel",16,1400.00 MHz,31.70 GB,NVIDIA GeForce RTX 4060 Laptop GPU,Windows 10,PPO,16,20000,0.00045000000000000004,0.0009000000000000001,0.9,0.82,10,True,128,1,0.95,550000,640,0.464867,97.000
cpu_batch_size_16_run48,2026-01-07T13:32:25Z,"Intel64 Family 6 Model 170 Stepping 4, GenuineIntel",16,1400.00 MHz,31.70 GB,NVIDIA GeForce RTX 4060 Laptop GPU,Windows 10,PPO,16,20000,0.00045000000000000004,0.0009000000000000001,0.9,0.82,10,True,128,1,0.95,550000,640,0.397828,101.000
cpu_batch_size_16_run49,2026-01-07T13:34:12Z,"Intel64 Family 6 Model 170 Stepping 4, GenuineIntel",16,1400.00 MHz,31.70 GB,NVIDIA GeForce RTX 4060 Laptop GPU,Windows 10,PPO,16,20000,0.00045000000000000004,0.0009000000000000001,0.9,0.82,10,True,128,1,0.95,550000,640,0.530995,97.000
cpu_batch_size_16_run50,2026-01-07T13:35:54Z,"Intel64 Family 6 Model 170 Stepping 4, GenuineIntel",16,1400.00 MHz,31.70 GB,NVIDIA GeForce RTX 4060 Laptop GPU,Windows 10,PPO,16,20000,0.00045000000000000004,0.0009000000000000001,0.9,0.82,10,True,128,1,0.95,550000,640,0.809542,97.000
cpu_batch_size_16_run51,2026-01-07T13:37:37Z,"Intel64 Family 6 Model 170 Stepping 4, GenuineIntel",16,1400.00 MHz,31.70 GB,NVIDIA GeForce RTX 4060 Laptop GPU,Windows 10,PPO,16,20000,0.00045000000000000004,0.0009000000000000001,0.9,0.82,10,True,128,1,0.95,550000,640,1.409296,97.000
cpu_batch_size_16_run52,2026-01-07T13:39:19Z,"Intel64 Family 6 Model 170 Stepping 4, GenuineIntel",16,1400.00 MHz,31.70 GB,NVIDIA GeForce RTX 4060 Laptop GPU,Windows 10,PPO,16,20000,0.00045000000000000004,0.0009000000000000001,0.9,0.82,10,True,128,1,0.95,550000,640,0.422434,99.000
cpu_batch_size_16_run53,2026-01-07T13:41:03Z,"Intel64 Family 6 Model 170 Stepping 4, GenuineIntel",16,1400.00 MHz,31.70 GB,NVIDIA GeForce RTX 4060 Laptop GPU,Windows 10,PPO,16,20000,0.00045000000000000004,0.0009000000000000001,0.9,0.82,10,True,128,1,0.95,550000,640,0.779135,103.000
cpu_batch_size_16_run54,2026-01-07T13:42:52Z,"Intel64 Family 6 Model 170 Stepping 4, GenuineIntel",16,1400.00 MHz,31.70 GB,NVIDIA GeForce RTX 4060 Laptop GPU,Windows 10,PPO,16,20000,0.00045000000000000004,0.0009000000000000001,0.9,0.82,10,True,128,1,0.95,550000,640,0.573222,98.000
cpu_batch_size_16_run55,2026-01-07T13:44:35Z,"Intel64 Family 6 Model 170 Stepping 4, GenuineIntel",16,1400.00 MHz,31.70 GB,NVIDIA GeForce RTX 4060 Laptop GPU,Windows 10,PPO,16,20000,0.00045000000000000004,0.0009000000000000001,0.9,0.82,10,True,128,1,0.95,550000,640,1.022081,97.000
cpu_batch_size_16_run56,2026-01-07T13:46:18Z,"Intel64 Family 6 Model 170 Stepping 4, GenuineIntel",16,1400.00 MHz,31.70 GB,NVIDIA GeForce RTX 4060 Laptop GPU,Windows 10,PPO,16,20000,0.00045000000000000004,0.0009000000000000001,0.9,0.82,10,True,128,1,0.95,550000,640,0.900400,98.000
cpu_batch_size_16_run57,2026-01-07T13:48:01Z,"Intel64 Family 6 Model 170 Stepping 4, GenuineIntel",16,1400.00 MHz,31.70 GB,NVIDIA GeForce RTX 4060 Laptop GPU,Windows 10,PPO,16,20000,0.00045000000000000004,0.0009000000000000001,0.9,0.82,10,True,128,1,0.95,550000,640,0.715154,98.000
cpu_batch_size_16_run58,2026-01-07T13:49:45Z,"Intel64 Family 6 Model 170 Stepping 4, GenuineIntel",16,1400.00 MHz,31.70 GB,NVIDIA GeForce RTX 4060 Laptop GPU,Windows 10,PPO,16,20000,0.00045000000000000004,0.0009000000000000001,0.9,0.82,10,True,128,1,0.95,550000,640,0.565529,102.000
cpu_batch_size_16_run59,2026-01-07T13:51:33Z,"Intel64 Family 6 Model 170 Stepping 4, GenuineIntel",16,1400.00 MHz,31.70 GB,NVIDIA GeForce RTX 4060 Laptop GPU,Windows 10,PPO,16,20000,0.00045000000000000004,0.0009000000000000001,0.9,0.82,10,True,128,1,0.95,550000,640,1.311701,95.000
cpu_batch_size_16_run60,2026-01-07T13:53:13Z,"Intel64 Family 6 Model 170 Stepping 4, GenuineIntel",16,1400.00 MHz,31.70 GB,NVIDIA GeForce RTX 4060 Laptop GPU,Windows 10,PPO,16,20000,0.00045000000000000004,0.0009000000000000001,0.9,0.82,10,True,128,1,0.95,550000,640,,10.000
